,area,prior_landfills,prior_wastewater,prior_ong,prior_livestock,prior_coal,prior_other_anth,prior_total,prior_gasdist,post_mean,post_min,post_max,post_hr_mean,post_hr_min,post_hr_max,diff_mean,diff_min,diff_max,dofs_mean,dofs_min,dofs_max,pop_2010,pop_2000,prior_postmeter,xhat_mean,xhat_min,xhat_max,post_mean_pc
"New York--Newark, NY--NJ--CT",23566.080369549185,68.37946259040407,42.226586826209534,5.259105653489063,2.2705212505028807,0.0,29.95690629444534,213.26898281614064,37.8297248903538,309.38269624455603,240.82888727265228,416.83956389448576,215.7375034221834,167.63901646128832,288.8610607243006,123.46038873915133,54.90657976724759,230.91725638908107,0.26626196477950936,0.06656199390377364,0.535259152072888,18351295,17799861,27.34667531073595,1.4506689728589137,1.1292260322743277,1.9545250246438484,1.685890266842509e-05
"Detroit, MI",9438.323246715427,56.61659789148618,6.394872916451814,9.025156019463461,1.4103113337287847,0.0,5.726125637103557,93.53349212774829,8.795973787692462,210.18444591568826,169.79181316069008,258.9692708376304,185.90045924479654,151.70924811040868,229.02173398114962,122.215408329762,81.82277557476382,171.00023325170415,0.32071084547038764,0.1625836646316684,0.5487730897665426,3734090,3903377,5.564454541822036,2.2471570464686357,1.815304970424797,2.7687330489481723,5.628799678521092e-05
"Atlanta, GA",18246.831833830962,53.807343246989724,3.120247555933455,10.334144732852963,11.665973053670273,0.0,4.825487434791966,95.0510434367214,4.569074468397719,179.33309443343109,156.8787422240863,208.08082485608105,136.62976817227613,118.88916806938087,160.0228913142064,91.010823940795,68.5564717314502,119.75855436344496,0.47521791414520725,0.3499521797704796,0.6295147693124301,4515419,3499840,6.72877294408531,1.8867030592128011,1.6504683857418738,2.189148244275796,3.971571507172005e-05
"Dallas--Fort Worth--Arlington, TX",12557.526559850365,69.32768419867828,12.316294108227755,125.21004036298984,14.615795674501037,0.0,5.297742263764056,251.80802887393162,17.40794728589015,362.1509724082906,337.27890586862316,384.38517866482357,124.06470933562935,106.19744132555414,132.3153936407853,117.97546851423951,93.10340197457202,140.20967477077244,0.5024097040009382,0.3596435847351028,0.7049730280454958,5121892,4145659,7.632524979880492,1.4382026420198164,1.3394287202711983,1.5265008839621514,7.070648354324742e-05
"Houston, TX",13618.222410995624,44.94831488975005,5.6717112015155795,22.12343500971328,24.47638456823318,0.0,22.996233559980485,142.9329860774953,15.348977673141956,209.03301491620877,182.98336465472352,236.26203843011922,112.93976386818727,94.74267750784541,131.31296376377117,73.46795801387424,47.41830775238898,100.69698152778469,0.3457479655127107,0.23313601590434302,0.5004941049585392,4944332,3822509,7.367929175160756,1.4624546835037466,1.2802038890834742,1.6529567100908593,4.2277301547753824e-05
"Chicago, IL--IN",15222.582703422631,74.33481180867922,22.726136030213194,9.392164361834224,8.59715443654362,0.0,14.684321462936179,158.43602842945734,15.87368789089275,207.46684032942056,189.66720139812534,223.62032547880824,100.54762930530184,88.61465752515369,109.85813972540991,61.85856433832136,44.05892540702615,78.01204948770905,0.36769319160243075,0.2066124861559108,0.5813093443798125,8608208,8307904,12.827752438358148,1.3094675648335496,1.1971216602578088,1.411423447655871,2.4101048711813254e-05
"Los Angeles--Long Beach--Anaheim, CA",8876.802533964546,112.54711647137114,12.714462476524242,10.9245409470564,4.670892778986697,0.0,14.740193282673872,188.42072658910257,14.716387467552735,120.55882112742,115.64936633799277,127.45066723778567,96.90913296137066,92.25699703957314,109.10528728152434,-49.754772296745095,-54.66422708617233,-42.86292618637944,0.7473669511937019,0.6388552396794991,0.8729500483655739,12150996,11789487,18.10713316493748,0.6398384260046295,0.6137826152756245,0.6764153261956313,9.921723381969675e-06
"Cincinnati, OH--KY--IN",7481.945129993883,41.80539853459047,12.752623735114302,0.1699311779581401,5.397951578012996,0.0,2.871084569044221,68.90532753820735,3.48705833324079,97.6359501094055,85.08467128150336,109.30206768872002,88.72935998863647,76.6969626604956,99.62885232463665,31.151902181444584,18.600623353542446,42.8180197607591,0.4525499501997898,0.2446993730558351,0.7442024988462774,1624827,1503262,2.421279610246425,1.4169579276038895,1.2348054108635464,1.5862643948410675,6.0090058885903236e-05
"Miami, FL",12226.177172975531,73.32460278659012,8.975827573076668,0.3512748224611585,1.3490710390923633,0.0,10.745939547372261,105.76322934598204,2.8169956714535482,283.5242842940818,205.8125938101438,394.98066277878956,88.18873129903243,68.35528127678482,115.85762969753823,185.9605728540356,108.24888237009766,297.41695133874344,0.2451152144871104,0.12459446397801245,0.4255037876078966,5502379,4919036,8.1995179059359,2.6807453407704864,1.9459749393323782,3.734574532389644,5.152758185033815e-05
"Philadelphia, PA--NJ--DE--MD",11623.378703838112,31.83723167786109,10.860940259185389,5.244256028118731,14.410443536352762,0.0,10.581129467499485,95.8114646290095,14.768566389765857,121.76839425647455,107.78779944460207,132.36237172308685,81.75509979895591,72.61003440242436,88.63864074950779,34.06582689769124,20.08523208581876,44.65980436430354,0.2237799231013012,0.08234876898096809,0.4064208676470322,5441567,5149079,8.108897270226189,1.2709167397447954,1.1249989744125715,1.3814878233581513,2.2377450145605953e-05
"Indianapolis, IN",8174.1779332967035,22.372967976164965,1.5129231886541086,7.275277014756163,5.806403459037667,0.0,3.2002515727737535,46.00492684271655,3.620490872871184,101.11248206850605,84.2122875136846,127.21059756182385,70.7883514320999,58.18515214117047,90.3188634469837,57.324167984248206,40.42397342942676,83.422283477566,0.3174777419571658,0.14997820527300965,0.5976294226158534,1487483,1218919,2.2166127584587056,2.1978620336511643,1.83050584563677,2.76515161075544,6.797555472466311e-05
"Denver--Aurora, CO",7437.794912927668,42.30464437039525,2.039195025342996,19.035026534083798,6.934364370090954,0.0,3.2292690800480637,82.83973008720493,5.759248316204144,96.47490355160309,76.4078872963673,119.24914820969346,68.38436966888051,55.27344797780394,85.14642099629862,17.173155855437884,-2.8938603997979016,39.94740051352825,0.5690287145902021,0.4428879590768824,0.7221835975380629,2374203,1984889,3.5379823910397183,1.164597029107223,0.922357994357697,1.4395163780007556,4.063464815418189e-05
"Reading, PA",2130.9344619940816,11.401520320779255,0.33541896828767115,6.793855562256698,8.961491474171318,0.0743337631686464,0.46075665432599006,29.390289901523087,0.9661476066645674,104.02538346889357,65.7891831901831,157.73137007116335,67.32751370714055,40.60132976073338,106.97887585474693,75.03185911923941,36.795658840528944,128.73784572150922,0.3524799995123853,0.16303115972326093,0.6397083116080283,266254,240264,0.3967655518689384,3.539447341875409,2.238466629986311,5.366785104865171,0.000390699795942572
"Memphis, TN--MS--AR",6328.360746208047,20.143174209305187,8.077622914154773,4.81878679006396,3.2672804737634933,0.0,7.812257506469978,47.104572982282384,1.4057727074312374,80.76248000836519,69.66988711693944,95.77068574039487,64.85598482264163,52.32968278508053,83.15405244687608,35.23758540717657,24.144992515750815,50.24579113920625,0.463844462823397,0.2874757741160735,0.7037329081704022,1060061,972091,1.579678381093763,1.7145358697709177,1.479047207224331,2.0331504921277483,7.618663455062037e-05
"Birmingham, AL",8076.676516365729,31.547378654996738,5.724748359529411,28.479764286702462,2.7062876134315825,50.33607149449044,1.9115161410746162,123.87379892564724,2.0511522635813644,248.02386469094225,201.41238200644676,309.77372579565184,57.26088396020904,52.50800938328806,62.60744482945404,125.26694587713561,78.65546319264014,187.0168069818452,0.4776317957476666,0.2974085679660151,0.7349993503465115,749495,663615,1.1168801118406109,2.0022302282003444,1.625948213046574,2.5007203176322,0.00033092130660103435
"Austin, TX",7506.46523166341,23.083240064965278,1.0721491390318196,0.21555631538919712,8.435937459949631,0.0,1.3311428201397624,40.50103121235102,4.332764604793312,67.49617146115878,57.834313431137375,82.00235703567981,53.23505753853206,45.33863984261578,65.07927691521685,29.025381056889778,19.36352302686838,43.53156663141081,0.5109166465568297,0.3417579676885592,0.743319951991477,1362416,901920,2.0302408080820253,1.666529701608571,1.4279713799855167,2.024698003508432,4.9541528770330634e-05
"Savannah, GA",2458.387152480622,13.838511608866,0.15593032843775242,4.603553386492388,0.4196193206147124,0.0,1.0071825054373993,20.753994708825005,0.34074272350183155,57.23974071183494,47.52614377441558,71.56016081403229,49.73674057834097,39.69231710895096,64.99670637354617,36.87420083848486,27.160603901065496,51.1946209406822,0.21916792588247955,0.12722224019604908,0.35628925859644106,260677,208886,0.38845483547491966,2.7580107596103165,2.289975710276467,3.4480186498073793,0.0002195810935058902
"Fort Wayne, IN",2914.1920438863735,7.891788268787103,0.48017051540906264,0.9234856560309022,3.672295664578439,0.0,0.7110965175070136,14.939466438421915,0.7934712893398532,57.5878216859079,45.37819659614658,74.26034513465532,47.386370519221174,36.69667896624895,62.31779546288872,43.11551377425552,30.905888684494208,59.78803722300295,0.2944416416393614,0.17120615899929248,0.4858690154543357,313492,287759,0.4671585267695405,3.854744205442387,3.0374710357420214,4.970749486987675,0.00018369789878500215
"San Diego, CA",8187.99439822214,21.338848447688385,2.808760053638922,0.0,2.739430068209182,0.0,3.0559361970467327,37.31643235053336,2.9673830895715536,45.87778621691831,42.9865246570943,47.78557178388713,44.357870859795156,40.079848729332426,47.3907397688285,12.967428360763538,10.076166800939525,14.875213927732354,0.7126988689144964,0.5756603566163198,0.8688426779241687,2956746,2674436,4.406074494378586,1.229425840765364,1.1519462593127527,1.280550384211746,1.5516309556829807e-05
"Davenport, IA--IL",2891.8768312536013,11.85191085215801,0.5047126551776218,0.9660276697491355,6.76304624012068,0.0,0.8280981181212196,22.02452230700697,0.6934012495606383,56.643299287494244,47.81148921605073,71.83546762029616,42.202382991648335,34.40290767248285,54.70504913496775,35.03610250260694,26.204292431163424,50.22827083540885,0.2158797520845402,0.12785541986311574,0.35646214123970105,280051,270626,0.41732552211966045,2.5718287324430875,2.1708297936995344,3.2616129702591614,0.0002022606571213609
"Rockford, IL",2860.8358786721237,21.130992372579435,0.5061233400179347,0.591008067521596,4.436069445478658,0.0,0.5944975584807389,28.497069713847317,0.7960005541409139,49.25655946526285,34.01791137358824,53.9911520827945,41.972966184254204,25.90399008381387,47.61472218427519,21.20186812704358,5.963220035368966,25.936460744575225,0.3042405114431424,0.14196028033138464,0.5790154475368336,296863,270414,0.4423783756280419,1.7284780491422973,1.1937336615721663,1.8946211882465613,0.00016592353868708076
"Peoria, IL",4396.1569222284825,14.972838663255668,0.5121403676444831,0.002985101297284097,3.7992265743975837,0.0,0.5594426119382059,20.81408885992555,0.5696960415522927,48.99844019563386,43.43471436777463,54.77657455099339,41.61890760010661,37.26604820445931,46.418827768828876,28.582110835548345,23.018385007689115,34.360245190907875,0.21329434415491963,0.1243967911472919,0.3341069491608698,266921,247172,0.3977594998400359,2.354099693019621,2.0867939336706565,2.631706577195295,0.0001835690717314631
"San Francisco--Oakland, CA",4891.0595136883885,24.47446904254485,13.800512244734916,0.5693820730259549,6.964779809485622,0.0,6.736737186970013,60.897668224885024,3.4622016460237783,69.42212692615215,58.595627877567495,87.1162654690665,40.27592216538001,35.17966535051195,49.409961381155945,13.41404492336702,2.587545874782357,31.108183466281368,0.28054414107504083,0.17017554077232505,0.4214838956956814,3281212,3228605,4.8895862220998865,1.1399800509567577,0.9621982185127931,1.4305353227542397,2.1157464658227552e-05
"San Antonio, TX",6732.167951585622,22.174486327326022,6.15173148488497,11.257847150196197,7.179397817088473,0.0,1.7943382703101127,56.58203382731564,5.404188906050711,50.57715804692779,38.27522534565307,63.324526589991756,36.534971789446736,27.648801053359378,45.61546220804091,-3.38483190892869,-15.686764610203419,9.362536634135267,0.3114337612266148,0.2271645090180546,0.4238935581178764,1758210,1327554,2.6200438714591563,0.8938731011558493,0.6764554533770621,1.1191631390142978,2.8766278230090712e-05
"Sacramento, CA",6044.782845579892,25.65499239902701,1.9965892666416718,0.2950775230840689,14.528748303866799,0.0,15.350634357787975,62.65615986894098,2.2615985024695946,66.60269610509275,64.29341389247104,70.89850303007148,36.3862277368177,34.89884572720926,40.624925451506414,6.515055752215616,4.205773539593913,10.810862677194358,0.5052409534488282,0.3503014875259965,0.7032100609173663,1723634,1393498,2.5685195160638554,1.0629872026055667,1.0261307751217874,1.1315488082635634,3.864085769083967e-05
"Charlotte, NC--SC",5028.00325681238,14.654720168254372,1.0557898250678794,5.041212674141592,7.093541248573024,0.0,1.7332922443641108,32.30823686266015,0.8677911356865419,50.02873484584862,42.40690768408752,58.90996549767564,33.19699979871657,27.616780857330305,40.42218590353967,19.5823875497611,11.960560388000005,28.463618201588126,0.3737872942762072,0.2295410438354045,0.556360341122934,1249442,758927,1.861889566572634,1.548482359421746,1.312572637880428,1.8233729605269828,4.004086211752816e-05
"Minneapolis--St. Paul, MN--WI",8215.62751995234,15.878571060261967,2.2444326265443038,2.0790202278878556,10.14938069449832,0.0,5.238653574536977,43.97439670652861,4.434043564624474,53.035126967439396,42.02977928938398,70.00131642708563,30.074468477402363,23.676787690077557,39.85788189464057,13.011025219085502,2.0056775410300887,29.977214678731734,0.22408603811171862,0.1375173925812799,0.3370965703045842,2650890,2388593,3.9502949581747133,1.2060455842380118,0.9557784173794948,1.591865305037669,2.0006536283074512e-05
"Phoenix--Mesa, AZ",9757.704700452041,28.933288111992688,2.444483300098173,0.05334894194316004,21.728208712320335,0.0,2.023987715320577,62.710929013116825,2.1195904965372874,43.480864818815185,40.239748583429346,46.609734661014215,29.1722018193294,27.17640747107037,31.285849048136868,-13.822042459397032,-17.06315869478287,-10.693172617198002,0.7799567075666318,0.6910603464671873,0.8805370079748012,3629114,2907049,5.4080217349046045,0.6933538619675141,0.6416704267770084,0.7432473955419344,1.1981123993022866e-05
"El Paso, TX--NM",4109.950424068166,7.100158156418893,2.1042353489509695,0.08801000610658538,4.60017465638354,0.0,0.49964866885023074,17.057007289303748,1.468040272208563,14.762443346195179,12.680665179755682,17.521385179476525,28.2729505864635,26.705822618337592,31.16066860531489,-1.0978237627236045,-3.179601929163102,1.661118070557741,0.43725744617084666,0.34495796994688943,0.5222672535411749,803086,674801,1.1967401803849644,0.8654767566085604,0.7434284903957086,1.027225050813221,1.8382145058182037e-05
"Oklahoma City, OK",3522.811625671681,17.414978630539355,0.7123648062660747,13.239909738159126,4.51780852516696,0.0,1.2442626224752922,42.08502338022881,3.67190423477296,59.43547592113252,49.04644458178665,71.49345537654963,27.24612892907721,19.303249298069826,32.436436008814624,18.634247363752756,8.245216024406886,30.692226819169868,0.5108514707725085,0.3310335698637929,0.7542846371222272,861505,747003,1.2837948228490457,1.412271424543269,1.1654132668209056,1.69878616273115,6.899028551329652e-05
"Riverside--San Bernardino, CA",4214.6312856385375,14.574078344915918,2.48856014715198,0.009048224277539261,10.362040830775268,0.0,2.7376463079223763,35.210980509656686,2.1595924874336427,40.33554887121343,38.9317052292315,42.327513889129136,25.72400995264821,24.184093083762363,26.832483327942512,8.004582528736716,6.600738886754776,9.996547546652415,0.4113960248207208,0.3264984670153898,0.5180646389262142,1932666,1506816,2.8800141671799624,1.1455389281236097,1.105669443614454,1.2021111958958577,2.087041882622938e-05
"Stockton, CA",1447.6849373691075,7.3406571656530915,2.799500724564444,0.7899981120064885,15.885792603109257,0.0,0.8290197333757647,28.81171205378323,0.6145095007215464,56.52540626204372,46.995568390592496,67.93818079164829,24.450952073960927,19.977067689627265,30.316121756397987,28.265928422613133,18.736090551161904,39.678702952217705,0.23525001447236665,0.14511594509259235,0.3726514273093763,370583,313392,0.5522342143526362,1.9618898785510193,1.6311272409937045,2.358005684106072,0.00015253102884385877
"San Jose, CA",2842.4497057184412,12.155672817966703,4.433100521943031,0.0,0.9578328768054973,0.0,1.6926117954123772,23.506529552198685,1.7869181036395498,25.981330660153425,23.709545050421838,31.72935816205927,23.54041045770265,21.370487813907893,28.978241864150245,4.95519454438627,2.6834089346546826,10.703222046292115,0.29824090858997365,0.18479711284554512,0.4547945063164293,1664496,1538312,2.48039343643153,1.1052814326529652,1.0086365576752763,1.3498104044495782,1.5609127724039843e-05
"Tulsa, OK",4687.299377370004,14.340850609224974,0.645802855324401,5.6864975831590865,6.50315647824103,0.0,1.2362106085701265,32.351834438979026,2.9625366610606254,35.63048563641685,27.713477622900832,43.01594546456457,23.080795523334867,17.54970501279245,28.520096662959624,4.255430840836605,-3.661577172679408,11.640890668984326,0.3843720729715158,0.2749846035410943,0.5353646847573474,655479,558329,0.9767796433987843,1.1013435947078025,0.8566277029876957,1.3296292531942768,5.435793616029934e-05
"Youngstown, OH--PA",3641.3522694713847,16.222365031576786,0.723567398612728,19.490827742266077,4.748766705941571,0.0,0.933748371923063,44.08955246440926,1.3927591688134444,54.73586193266191,48.1247600556692,62.76817205045895,22.895308481263427,19.559331619202993,27.758866589641887,11.223827513528239,4.612725636535529,19.25613763132528,0.39873285020895244,0.23542343691835196,0.6244536978034909,387550,417437,0.5775180452755906,1.241470118728167,1.0915229882298605,1.4236518300141008,0.0001412356132954765
"Grand Rapids, MI",4957.155360078543,13.977463208029926,0.585434635117899,2.0682257233324126,15.136483084903285,0.0,1.3195349668372873,36.0368695754013,2.1004240037960336,45.24093773698654,40.627844320334496,52.359448522220994,22.51668487689453,20.96906633279675,25.052779892788912,10.05337211496969,5.440278698317648,17.171882900204146,0.2178717110383542,0.13182578454174626,0.3348846856928909,569935,539080,0.8493039533844503,1.2554069837372313,1.1273966023970903,1.4529410889219263,7.937911820994769e-05
"Tuscaloosa, AL",2428.8098617463093,11.794694265895604,0.24665307512656878,18.793494576071968,1.295454691702163,1.8923165334715841,0.23127522803919107,34.812284281454446,0.35109144630290867,55.181253431327306,45.44242489199925,68.84000376624476,21.645583993108946,17.80340205332282,26.626463208704326,20.57627361471732,10.837445075389262,34.23502394963477,0.4807152547895939,0.29830476437024894,0.7373564747984018,139114,116888,0.20730446484445492,1.5851086640908545,1.3053560210126114,1.9774629900663516,0.0003966621147499699
"Lancaster, PA",2154.2508035993933,4.234282402668898,0.6429524270150975,1.6091034400276096,20.165212790832744,0.0,0.8622412312637946,29.566643327540834,1.453793974003959,63.6940873970248,50.603405402786244,77.59100054877979,21.210658140549317,14.577378920275489,30.523529429295095,34.726501131212686,21.63581913697414,48.62341428296769,0.29307120400028025,0.16916861251203152,0.4704523974907292,402004,323554,0.5990570617287279,2.154254938290368,1.7115032248402042,2.624274919855548,0.0001584414269435747
"Pittsburgh, PA",10307.083498821888,13.54626298342274,3.079011738139019,71.37547372811258,7.292327300050761,200.15351676906192,3.1920285434147684,307.3356543397204,6.113285644038475,414.89058435412153,353.9768930388099,501.8143634410959,21.03033835733924,19.526387072439704,22.164108986804564,110.13867764788131,49.22498633256964,197.06245673485563,0.4446224644411243,0.2550894031271351,0.7146927775534702,1733853,1753136,2.583747633480115,1.3499591684065164,1.151759934262406,1.63278928544491,0.00023928821206533745
"Lexington-Fayette, KY",3043.364564074403,9.313664452716658,0.27529444321547514,0.0,5.942484649373048,0.0,0.8953550674474684,17.29499690486356,0.4356550838130653,27.123242015063813,21.971657903189488,33.275024971007184,19.300593173245105,14.644175326311418,24.76460145794938,10.260788318498097,5.109204206623772,16.41257127444147,0.352273125926516,0.2229477388213933,0.5350180876436144,290263,250994,0.43254320829784215,1.5682709956100909,1.2704054255719928,1.9239682524400945,9.344367699315384e-05
"Sioux Falls, SD",1403.127065132456,2.151405585939677,5.51436724715551,0.0,6.563379743450069,0.0,0.28329472465991856,15.004994331860582,0.25892157178772335,31.641613469398173,27.63078515231672,38.85660615485499,18.600607455856927,15.66293622765363,24.354539979875963,16.87024459640528,12.859416279323822,24.085237281862092,0.3128889589809754,0.2182497280667411,0.4527499816012102,156777,124269,0.23362545886768485,2.1087387818742807,1.8414392262479828,2.5895781961309723,0.00020182560879081863
"Jackson, MS",3267.345877111854,5.747096192496838,3.1052734786597336,3.5992644529058717,2.4820278151130686,0.0,0.5599633836260522,16.616889095426888,0.5994993873398788,30.10362286533943,26.793286827879363,33.61478117259863,18.2703148987924,16.30543035700606,20.31323608336346,14.01049815519799,10.700162117737921,17.52165646245719,0.21052257369386726,0.14029064285286647,0.3107964326967229,351478,292637,0.5237643852854446,1.81162807866511,1.612412929641151,2.0229286588817463,8.564866895037365e-05
"Fairfield, CA",1199.7071196279594,9.995252773819352,0.6590411279319689,0.9794833629503895,2.4612995595709277,0.0,0.3939493920687839,15.004785787617687,0.31654825700306893,22.742906616457883,20.708412838554697,24.287945138249516,17.678048043163887,16.06722326777205,19.035151370578593,7.9373321431133945,5.902838365210206,9.482370664905025,0.23990381992781457,0.1489110918598651,0.3776204096200077,133683,112446,0.1992113142731951,1.5157101832953779,1.3801205249890194,1.618679898668898,0.00017012564511910926
"St. Louis, MO--IL",8318.172820625612,18.31141467667473,5.5867646304088785,0.9135156593362435,6.811438277661036,0.14453885632456492,5.819940755774134,43.83420733977815,3.0416621520736533,28.408940481689424,21.248349036355886,37.27043602445926,17.525711643807572,11.30716777964447,25.599843858386365,-12.220334526563807,-19.380925971897344,-3.358838983793973,0.5115094158216938,0.3423651303184884,0.7326966844022371,2150706,2077662,3.204932331524924,0.6480997879459591,0.48474354450282675,0.8502591534405943,1.3209123181731684e-05
"McKinney, TX",908.2233861142743,5.5840963183840175,0.2609459176727757,0.2664200022698345,1.4287508857241293,0.0,0.41320984168332825,8.81894560996334,0.6121478713271549,21.363853746748877,16.090589928581487,31.66163142384764,17.360848747097258,12.875604312618066,26.24587664253093,12.798282909687636,7.525019091520246,23.0960605867864,0.41082806912367154,0.2519895978216869,0.6517491905263961,170030,54525,0.25337477290209953,2.422495238275734,1.824548040119773,3.5901833194296406,0.00012564755482414209
"Chattanooga, TN--GA",3958.8713296516153,13.840964694743516,0.7369044322370739,1.2109255099141822,4.2899549064331515,0.021453925760327484,0.5658007709262041,21.818126393307676,0.5841978666951775,21.964907394719553,12.586100894144655,30.61580170402237,16.62988666368084,7.9081089554669575,24.85313256125321,0.7147052880099201,-8.664101212564978,9.365599597312738,0.3210595275131141,0.2265022381246889,0.4540434055778486,381112,343509,0.5679242865980412,1.0067274796545729,0.5768644230608738,1.403227809396742,5.7633733376853924e-05
"Washington, DC--VA--MD",8644.528359904732,12.427228473959907,6.625067432722144,3.9839759514900908,5.977274449929764,0.0,6.352578180500974,49.57827530659121,7.377052264179215,29.022491962971344,14.742713928732659,39.044027067820224,16.147234707159825,4.982900632236095,24.217327796100424,-13.720684789810752,-28.00046282404944,-3.699149684961874,0.25666486880954265,0.15828767031586125,0.3879179063487934,4586770,3933920,6.835098553809109,0.5853872847229307,0.29736237974322355,0.7875228984141265,6.327435638362365e-06
"Lansing, MI",2846.5874392980004,10.995516602559299,0.3458454615790628,0.324872630657213,5.187784475566054,0.0,0.693552315625135,18.9583908065811,0.9436011867500678,22.412562672612403,12.458549361353288,28.02420755762642,15.825466961758341,8.288017202204749,20.323346099779624,3.921389999875575,-6.032623311383542,9.533034884889588,0.3089400074873797,0.15005259365985926,0.5751262015035222,313532,300032,0.46721813384426897,1.1821975241080187,0.6571522598335985,1.4781954778513304,7.148413135696644e-05
"Mauldin--Simpsonville, SC",617.6335822603976,4.199961461970268,0.9602274512762118,0.28343086862362976,0.3018685910781054,0.0,0.10163371920613613,6.14466508299326,0.11786193460050105,17.211807811654808,11.579814220922287,28.479319360672488,15.434889179433325,10.383994835202056,25.539784206640984,11.246823784899952,5.614830194167435,22.514335333917636,0.27273411394839925,0.1735528032199691,0.42687257281517743,120577,77831,0.17968105623840763,2.8010977944578865,1.8845313885327977,4.634804171751426,0.00014274536446963191
"Greensboro, NC",2257.3819862291753,12.749190320970442,0.37583844879616857,2.9052575186016187,2.0128933016013515,0.0,0.6210411351425398,19.43484711185426,0.3059743374649303,19.3071214367297,15.216044779008296,23.286903495948486,15.236512034545392,11.726125043969148,17.99976027939213,0.33692637415265025,-3.7541502835687552,4.316708433371435,0.4262866629340994,0.3159820954096563,0.5641839386052914,311810,267884,0.4646520492772078,0.9934280072084204,0.782925880066599,1.1982035856482076,6.191950686870113e-05
"Appleton, WI",2081.3048756606777,8.970083162161556,0.3246933725961595,0.018676577051617356,10.864735321639952,0.0,0.8028011086295513,21.65424673409144,0.351149501241093,32.891186912468186,25.1614956039056,43.908278701297895,15.003041844962889,11.906617224279056,19.24279034715886,11.559047869148255,3.8293565605856728,22.57613965797797,0.23668611924516378,0.12036661802211185,0.4339294850454776,216154,187683,0.32210769077151336,1.5189254706646445,1.161965868075776,2.0276982727905626,0.0001521655251000129
"York, PA",2282.674594024129,5.241580568868067,1.1056536145812612,0.08389167543755165,5.138460265591068,0.0,0.9511047085250365,13.809847761201397,0.9433688368141395,24.972178382123182,20.316502481118423,31.268251131695855,14.56360418769468,11.893336194190592,17.91501995942473,11.50811871230606,6.852442811301298,17.80419146187873,0.20430124976615127,0.10192814432543053,0.36857486596805655,232045,192903,0.34578809138427147,1.8082877388614107,1.4711604959322866,2.2641995532741235,0.00010761782577570378
"Concord, NC",2671.9891725969323,6.949761210507299,0.19479984290998353,1.678215177974199,3.639624591048529,0.0,0.49046618432214306,13.525283801169055,0.25220609878862266,20.947986129185765,18.23330078685174,24.57021664943734,14.113281690041642,11.937356233131283,17.046027409106728,7.742913023634991,5.028227681300963,11.365143543886566,0.29950982454001024,0.20993715682886802,0.4237460735054832,214881,115057,0.32021069561827936,1.548801965055634,1.348090070041691,1.816613759137063,9.748645124131852e-05
"Kingsport, TN--VA",3006.411316799632,17.157846748012517,0.5405542311365511,1.3815875932057955,4.310390956144563,4.117697614889736,1.3242858346183997,29.197804797175685,0.20663218014589302,22.2029456207028,18.628375385197796,27.644466831628083,12.510730706369124,10.41195325501118,16.234917612460386,-6.8360495374506565,-10.410619772955659,-1.3945283265253714,0.49936140915454413,0.34095947831494544,0.7167765797650988,106571,95766,0.15880963902222928,0.7604320179183641,0.6380060252680272,0.9467994948134643,0.00020833946965593641
"Modesto, CA",2375.9741308095263,3.1408949250940217,0.60944885707303,0.05459845768360758,46.09510955827812,0.0,1.3093690676848886,52.36502717326158,0.6218666782066562,103.45568613602916,88.80662295992299,127.38451014628427,12.421197801981904,9.58101069173971,17.165336908519546,51.62439859200882,36.97533541590266,75.55322260226394,0.363889778509258,0.22492444662112449,0.5794507439628903,358172,310945,0.5337396292412562,1.9756637534765813,1.6959147689561225,2.4326256859335467,0.00028884358949339745
"Nashville-Davidson, TN",6193.947522655408,3.960095941849311,6.1024984172233,6.565400356544987,9.170744956381261,0.4637926860726567,1.1435416463022605,30.312827233743285,1.4618971102503648,32.000987128086635,26.50232522347015,40.41106922318964,12.029387478152877,9.375968007245136,16.615826863967072,3.133016013462492,-2.3656458911539886,11.543098108565502,0.21404342665262477,0.13235820313286478,0.3178214535677592,969587,749935,1.4448561191191434,1.0556912715968685,0.8742940742250725,1.333134283766356,3.300476092200765e-05
"Mission Viejo--Lake Forest--San Clemente, CA",1682.3814348514704,12.489490468821627,3.2438976559906805,0.0,0.7271328812927316,0.0,1.3489947659042578,19.31116301607333,0.6318593194491403,16.704752388471373,12.84471225741518,20.118280823666343,11.236843192243917,9.758104851831575,12.326243091471664,-1.7366227029870616,-5.596662834043256,1.6769057322079064,0.5031589562213183,0.39928474876696507,0.6380222299322057,583681,533015,0.8697879246148934,0.8650308826333996,0.6651444165596911,1.0417954012879092,2.861966106224354e-05
"Tallahassee, FL",2502.1709564638795,3.4693443478239208,0.022575975726050558,0.02616105882764878,1.7233374791648837,0.0,0.3931318039521586,6.1770292714136605,0.18450384810648834,15.578877402898598,13.030034327128522,18.124389459070358,10.959963205736534,9.06607804691175,12.887002217964806,9.759822889297446,7.210979813527372,12.305334945469207,0.28383841066352106,0.17122622486831113,0.4405951403474874,240223,204260,0.35797475781250987,2.522066307018366,2.1094337997440795,2.934159555135547,6.485173111191933e-05
"Laredo, TX",3427.663166621526,7.944715645430259,1.060670033087802,11.382401455123619,1.080308924315378,0.0,0.09909733688541625,22.478481064468017,0.5600082764819098,25.32493746500691,16.904827446374206,29.84036582594509,10.617194320204224,4.723231640409224,13.634102007091204,3.197735793682525,-5.22237422495018,7.713164154620703,0.3402918738434161,0.19818467626422107,0.5761559165157454,235730,175586,0.35127939314363293,1.1266302821963499,0.752044917887973,1.327508106102155,0.00010743196650832271
"Wichita, KS",3064.0915558019487,6.173646658162513,2.441056706506375,0.40437758687223346,4.172554902209627,0.0,0.5760841612520731,15.860593305029123,1.3882133543548567,16.3393268192141,14.47423079738777,18.01901064745149,10.491590867692125,9.507095560093177,11.83327724353166,1.183393449856422,-0.6817025719699075,2.8630772780938134,0.2742561880902728,0.182924148008584,0.409842776067563,472870,422301,0.704659935671445,1.0301838339195784,0.9125907536383421,1.1360867970643929,3.455352807159283e-05
"Canton, OH",1719.2095902133801,8.814324092386098,0.35274500071137443,10.4895477179906,3.711100717620587,0.4403172026451448,0.670961781181769,25.732400459474224,0.8372795073747693,24.573237823173848,15.143162854991425,32.555750302627835,10.404426416087592,4.887257497637095,14.55573492204685,-0.7430381967364939,-10.173113164918918,7.239474282717492,0.34052822357982876,0.17463282084050066,0.6051433140709082,279245,266595,0.4161244395638815,0.9549531868149678,0.588486211336571,1.2651656946618586,8.799884625749378e-05
"Fort Smith, AR--OK",2364.618217536429,3.99817803834995,0.39753895620771273,8.426880768447003,3.768379648592008,2.2988841888005536,0.3726932163374763,19.95160422865606,0.5058366365052844,37.790679219393176,32.13780379496858,41.04685134754086,9.66346765707549,8.833004051213257,10.431766549771012,18.022287766153184,12.369412341728594,21.27845989430087,0.49076134085907475,0.3117921840126129,0.7450790498598838,122947,106470,0.18321277541607026,1.8941173244162106,1.6107879560286058,2.0573208488461368,0.00030737374006192244
"Jacksonville, NC",1589.3517922351598,4.644515914292345,0.027678486475436893,0.0,5.04930205245698,0.0,0.14725195644925018,10.112827671180106,0.08698630623604472,15.179002454976454,13.473755944552371,16.595613279116172,9.448629937684705,8.641286808409363,10.312222763128675,5.2232677390663955,3.518021228642313,6.639878563206114,0.2870964487202782,0.13898856218972128,0.5270872890338181,105419,95514,0.15709295527004896,1.5009652046414388,1.3323430777872698,1.6410457904282238,0.0001439873500505265
"Bakersfield, CA",3154.4530354940302,3.6120787089190234,0.8948449686954235,18.14136642664654,11.798804891246737,0.0,1.0022423888696899,36.92556531794846,0.6953841956891242,78.30878312633968,70.85658008828413,89.50634490482776,9.289480273471403,8.72198352282131,9.895109677170874,42.16406154627313,34.71185850821759,53.36162332476121,0.5908189914357194,0.4234624188006323,0.7951930843561467,523994,396125,0.7808437378819193,2.1207199524789946,1.9189030547852648,2.4239668136189993,0.00014944595382073017
"Tucson, AZ",6545.943450447683,6.6302624396073995,0.2536417480092491,2.3028951570812195,3.9141153386704968,0.0,0.4532681220510619,15.42171952471108,0.6110672696750119,17.184050663285728,13.590795432789594,21.77662640873198,8.570370740426688,6.723420001882415,11.567437166361586,3.018800588191291,-0.5744546423048433,7.611376333637541,0.2235364908941557,0.16282458559542265,0.2973047297205693,843168,720425,1.2564694496166409,1.1142759168814325,0.8812762682535048,1.4120751174237138,2.038034017335303e-05
"Amarillo, TX",2371.932534724619,3.6802526353312426,1.139569885401218,10.838209262339065,5.2673926187820115,0.0,0.26925686155086825,22.157106695765,0.6693806610498186,39.50037561125022,30.51804373861413,51.03262366637331,8.183868177285937,7.153222829568698,8.94653168729272,17.636313686795997,8.653981814159902,29.168561741919085,0.553399974090706,0.4132676242922934,0.7321011016801613,196651,179312,0.2930447713107732,1.7827406869327453,1.3773478711661933,2.303216948272738,0.0002008653686543685
"Antioch, CA",1270.370101258174,4.884987892524853,0.42108959970436693,3.6351146582156497,4.99267582476494,0.0,0.49874680466761245,15.304097180104606,0.4577586355979919,12.661689590353433,-1.0508126994198457,21.54751034991116,7.6359581430122745,5.132250101071594,9.611600087500346,-2.2286838251219816,-15.94118611489526,6.657136934435746,0.23494069326765724,0.1484270993005832,0.3696914447653362,277634,217591,0.41372376462919186,0.8273398581664578,-0.0686621815748731,1.4079569736346826,4.560568802939638e-05
"Santa Clarita, CA",1607.5857834677818,7.491687510527274,0.8386303835105351,3.005839612333988,0.466277028116117,0.0,0.39599102335135206,13.185404333883984,0.6015400585510582,9.695675964222717,7.123480252464439,12.085260142824861,7.423034085335264,5.391708007992876,9.269754004617866,-3.1042896521676084,-5.676485363925886,-0.7147054735654645,0.2610456002290457,0.19935295340182546,0.3397178743236538,258653,170481,0.38543871749365843,0.7353339889097426,0.5402549722467326,0.9165634846531053,3.748526390269093e-05
"El Centro--Calexico, CA",2438.0035453441888,3.2379520121950844,0.5850276906999163,0.047942310050119896,8.61657069918225,0.0,0.23143978345047983,13.06829653967896,0.1889137203469803,22.293044892068206,18.9815313634427,26.568070709891117,7.406817269172041,6.244912677409382,8.795686273203527,9.385198676143377,6.073685147517869,13.660224493966288,0.27633473310013407,0.18073944248246546,0.4137481673809096,107672,52954,0.1604503237541308,1.7058875901981838,1.4524870403582841,2.033017128837191,0.00020704588836529652
"College Station--Bryan, TX",3329.0831432036202,3.319847356062699,0.11890883468519128,7.093174976833422,8.151667805284795,0.0,0.5510027056935776,20.03012974575234,0.5401937117088615,28.799882002490754,26.223569884788432,31.465413861583148,7.05612058054574,5.589009941346445,8.205780444695757,9.025086612222209,6.448774494519888,11.690618471314604,0.20125834298131867,0.12467840352140372,0.31353791975612044,171345,132500,0.25533435548379835,1.4378280304748479,1.3092061917546738,1.570904145953214,0.00016808125129120054
"McAllen, TX",4931.387467736349,7.2849299811349,1.0458304672995387,15.951950276911333,4.227110014350278,0.0,0.8625690585963472,32.64353976865561,2.18507181438855,38.43928948987891,32.1097123518252,45.88486177577388,6.846050857005782,3.960046365723592,10.647022135989058,6.881827877197967,0.5522507391442595,14.327400163092936,0.3089810687076673,0.19709142364725396,0.4780506162108459,728825,523144,1.0860781559746673,1.1775466068415898,0.9836467668453349,1.4056337670779384,5.2741453009815677e-05
"Yuba City, CA",1500.6084423631949,3.4085355989441037,0.1429839731813797,0.12652732957964236,0.9450771966189391,0.0,18.075152512611517,23.093102415751247,0.22089385093481972,23.520760702925372,20.232929195789755,26.495194654274876,6.058857012424279,5.0722503977654,7.379509047523806,0.6015902410549705,-2.6862412660806463,3.576024192404475,0.3949009147911009,0.26673883733993664,0.5761322115765212,116719,97645,0.17393195388084545,1.0185188754405918,0.87614599509113,1.1473207097632383,0.0002015161259342984
"Denton--Lewisville, TX",1164.4072474268025,2.1592833544314516,0.23642440122461897,14.689162373905814,1.9926494301243811,0.0,0.3861006362682268,21.221487504064964,1.2122032835697802,33.916298546312845,31.877847898941642,37.39745039453407,5.819140119153291,5.550184939185796,6.215132774593603,13.240475066788566,11.202024419417366,16.721626915009793,0.3433391335509933,0.23095319154442576,0.5067432804270876,366174,299823,0.5456640245406892,1.598205523520262,1.5021495497351662,1.762244535750409,9.262344826861778e-05
"Greeley, CO",1475.24929766291,2.445495233736931,0.008088756062277852,22.479055599057816,8.637997350840932,0.0,0.31582563961726895,34.528167235477184,0.4661245666648695,57.47691860986352,44.47607932491044,75.57040017689198,5.680491703334655,4.372901071852413,7.7234231468233405,23.124331463883422,10.123492178930341,41.217813030911884,0.5544214646872658,0.3816189910220213,0.7842746175169913,117825,93879,0.175580089497088,1.6646385606823297,1.2881100529196905,2.1886594692823573,0.0004878159865042522
"Redding, CA",2936.285329512132,3.421887057071995,0.5661334384902179,0.014783651320136142,0.9470489184129562,0.0,0.32023829783832136,5.641979753029682,0.19644837702457948,7.0131482461866295,6.2571265007914745,7.593776046079554,5.430592121802642,4.746659505610759,6.074176314726318,1.546608506028424,0.7905867606332686,2.1272363059213477,0.5171372682053585,0.3790167118277384,0.6630627070972038,117731,105267,0.1754400128714761,1.2430296727705632,1.1090303004776763,1.345941740042895,5.956925742741189e-05
"Norman, OK",414.13188247242465,2.057277327460141,0.050787289757502393,1.1195596417191624,0.5826159899909111,0.0,0.15240430278549394,4.535553904885387,0.41808295691867836,8.366625005385952,7.947351066869057,8.664371657539974,5.007208521542771,4.756283920948012,5.1854021866068445,3.9858974967540632,3.5666235582371684,4.283644148908085,0.2226071911628368,0.13585663413723828,0.3579805641865483,103898,86478,0.15482639625349842,1.8446754643074574,1.752233846963811,1.9103227167485117,8.052729605368681e-05
"Visalia, CA",3114.884752888336,2.5890263314950124,0.4699052685430629,0.0,75.7047955257658,0.0,0.8265510348614649,80.30998747583749,0.39268404073552743,72.17589134239262,62.84205516467625,82.01794392888927,4.632482987313344,4.156339318075484,5.082953803193007,-7.8070708590082525,-17.140907036724627,2.034981727488386,0.2072847799506362,0.13785307975740094,0.31246206816023714,219454,120044,0.32702527443661317,0.898716256979966,0.7824936491688941,1.0212670491769862,0.00032888847477098896
"Gainesville, GA",1843.0452929145235,3.741932326605124,0.003468284121464511,0.0,4.151838382861197,0.0,0.2248705512986421,8.493003893714393,0.17591066632988828,7.538334146393796,2.8936942454922474,10.648381587351148,4.5080046366720925,1.990503672592346,6.164793647355855,-0.7596860648225195,-5.404325965724068,2.350361376134833,0.21843192776324943,0.14052417115341265,0.3322100542316222,130846,88680,0.19498368249807746,0.8875933934250116,0.34071504990523416,1.2537827275967615,5.761226286163731e-05
"Monroe, LA",1631.4132555714389,3.7858011217895324,0.1956902938353532,8.1090811490833,0.7990797357691992,0.0,1.4198101079626053,14.784280218022438,0.30116302859908967,7.6743511873243095,-4.026273702431653,14.440475428430695,4.479743988789843,2.5492802603859888,5.742766885772879,-6.93627424971477,-18.63689913947073,-0.1701500086083847,0.21705079810931535,0.13083174392137287,0.3464831563475915,116533,113818,0.17365478098335801,0.5190885910001265,-0.2723347801216265,0.9767452466727033,6.585560474135489e-05
"Merced, CA",3074.3676462123603,1.0091454396094968,0.3243975914443704,0.0036251409186583775,70.47429118999892,0.0,0.8842277138503176,73.14404781894454,0.24425270766063234,146.4840481334342,130.20173203236268,170.51159813644546,4.154322824338351,3.4530217951249558,5.277018128542582,73.54410834995178,57.26179224888028,97.57165835296306,0.42099130587988864,0.285277760951181,0.6318551015470347,136969,110483,0.20410803546214001,2.0026789944142847,1.7800728277255666,2.3311753070942625,0.0010694686252614401
"Charleston, WV",5140.760652680265,5.158937475087594,0.4424747402009818,29.458477554954076,0.9246509636751932,84.81205533871133,1.6222815644397266,124.49231652670169,1.8451452835995632,24.00636782232548,-3.0991379250018056,52.46815441774258,3.7759217322790537,3.198924380715036,4.2444147857494405,-100.257655098343,-127.36316084567028,-71.79586850292588,0.49848440769717994,0.3151412407397311,0.7582318265282059,153199,182991,0.22829360603322205,0.1928341321946281,-0.02489421043375868,0.4214569692458809,0.0001567005517159086
"Odessa, TX",2560.621182201205,3.6869514534385344,0.2679565755285206,81.00466858888365,0.7788085018740285,0.0,0.1379972547233155,86.46444821684784,0.39970003537345006,175.1001369126255,138.64216654359242,217.00071879727008,3.720404907950685,1.7220220392366337,5.01240630676477,88.82405450280399,52.366084133770926,130.72463638744858,0.4468240382301967,0.36723550250258574,0.5527090888693729,126405,111395,0.18836580702634761,2.0251113668531655,1.6034586399705677,2.5097103291869143,0.0013852310977621573
"Avondale--Goodyear, AZ",724.520331823963,1.5960496799895278,0.31027070883897706,0.0,3.0627932451355124,0.0,0.1382140011630539,5.537234521020407,0.13628094560395912,5.461131758768657,4.541548770595111,6.134294984405131,2.4218743360547412,2.1167950972699874,2.6633495121296105,0.21752317803762466,-0.7020598101359203,0.8906864036741,0.4007345375778064,0.2877410703668199,0.5528962475464549,197041,67875,0.29362594028937594,0.9862561786099451,0.8201835687750841,1.1078264720625735,2.771571276418947e-05
"Midland, TX",1544.8879109966106,2.4029620877632363,0.1522402534255372,81.85403073517435,1.4132834529539133,0.0,0.19482418994587908,86.6783937249916,0.4854997394152229,40.62990421973625,-21.921442616246445,89.55669545369334,1.637942980381133,0.13005991998473646,3.232980718906818,-45.87293623894189,-108.42428307492457,3.0538549950152003,0.6852758052982134,0.5420802012462204,0.8491561801772279,117807,99221,0.1755532663134602,0.4687431604771607,-0.2529055012924857,1.0332066805233362,0.0003448853142829904
"Pueblo, CO",1519.0768856194668,4.090231021972168,0.10995943377575407,0.010191848990735705,0.8727856702573644,0.0,0.2621132636883194,5.863933458140778,0.31516856810207716,0.8046951877884736,-2.5969634449611694,2.865955182271132,0.4309398852388959,-2.4656027506678972,2.164802871980106,-4.8557546189979455,-8.257413251747588,-2.794494624515287,0.24717072674707583,0.16367751171424758,0.3606979224761287,136550,123351,0.20348365135435914,0.13722788526382948,-0.4428705515673713,0.48874278719728403,5.893044216686002e-06
"Lake Charles, LA",3341.90248950239,3.9383439059504655,0.12958254473033456,7.7243964712751705,3.2331921220346533,0.0,8.25413795533999,23.887597691894296,0.3941937225873369,15.05875035545244,0.7272043851161418,25.136851177284335,0.1458216968995314,-7.265648856931858,4.439466222760772,-8.615096366465515,-22.946642336801812,1.4630044553663808,0.23165796552025583,0.13181773973060956,0.3800041430633545,143440,132977,0.21375096997634035,0.6304003671563122,0.03044275922994558,1.0522971586135657,0.00010498292216573091
"Simi Valley, CA",178.83721200241743,2.1246679074600006,0.12066302473105767,0.06654706559062978,0.032796371256674596,0.0,0.1635717702578747,2.8274225847654986,0.1325973605078997,-1.334592623211471,-3.8206989690701754,0.39233734729270553,-1.222382678620185,-3.4994620521541315,0.3593503883996839,-3.975436123015608,-6.461542468874312,-2.2485061525114314,0.25869896477645354,0.19039712240952705,0.3647702461029068,125206,112345,0.18657908496136133,-0.4720173879923081,-1.3513010010093902,0.1387614817136524,-1.0659174665842461e-05
"Clarksville, TN--KY",3104.8439512810824,6.997530642818044,0.5622930012478167,0.0,3.4232708792462065,0.0,0.2944806131817593,11.74893509864755,0.234935951127536,0.3264613886680554,-5.136895744883656,5.353944947807862,-2.142490315557162,-7.286616740927349,2.370626082469385,-11.186049698953306,-16.64940683250502,-6.158566139813501,0.27076510838535317,0.16969851937697353,0.4197312001284171,158655,121775,0.23642401102618713,0.027786466256472506,-0.43722224199493426,0.45569618887623,2.057681060590939e-06
"Kansas City, MO--KS",8262.60952687525,34.5956123853864,3.165983381738404,3.2956061446562286,10.577689776676216,0.0,3.3814805985928893,60.584104224693306,3.3035318710749673,2.752726312796219,-18.706662268144477,20.7544409825653,-5.556198580710769,-22.58105261755642,8.663656857190226,-55.56717784532889,-77.0265664262696,-37.56546317555981,0.42867617682025594,0.2403785063743589,0.7101599824117182,1519417,1361744,2.26420006656819,0.045436444889685165,-0.3087717893585671,0.34257238343562163,1.8116990350879444e-06
